DisplayName,FirstName,LastName,UserPrincipalName,UsageLocation
Alan Brewer,Alan,Brewer,alanb@yourdomain.onmicrosoft.com,SG
Aaron Painter,Aaron,Painter,aaronp@yourdomain.onmicrosoft.com,SG
Don Hall,Don,Hall,donh@yourdomain.onmicrosoft.com,SG
Mike Nash,Mike,Nash,miken@yourdomain.onmicrosoft.com,SG
Amy Alberts,Amy,Alberts,amya@yourdomain.onmicrosoft.com,SG
Dan Jump,Dan,Jump,danj@yourdomain.onmicrosoft.com,SG

